Matriz,CCAA,Tipo,viviendas
1948 Associats,Cataluña,Privado,58
2002 Nuevas Inversiones SL,Comunidad Valenciana,Privado,88
2020 Immopedralbel SL,Cataluña,Privado,52
A3 Domus Habitatges SL,Cataluña,Privado,55
ACS,Madrid,Privado,112
AEW,Cataluña,Privado,58
AGE,Andalucía,Público,1804
AGE,Castilla-La Mancha,Público,346
AGE,Cataluña,Público,2220
AGE,Galicia,Público,74
AGE,Madrid,Público,2901
AGE,Madrid,otros,502
AGE,Comunidad Valenciana,Público,732
AI Calcium (Luxembourg) SARL,Madrid,Privado,76
AP67 Socimi SA,Madrid,Privado,193
Abanca,Andalucía,Privado,97
Abanca,Cataluña,Privado,54
Abanca,Galicia,Privado,288
Abanca,Madrid,Privado,55
Acmar SL,Cataluña,Privado,96
Acranou,Cataluña,Privado,68
Adania Grupo Empresarial,Madrid,Privado,148
Adania Grupo Empresarial,Navarra,Privado,564
Adenara SL,Madrid,Privado,836
Adequita Capital Ltd,Cataluña,Privado,142
Adevipe SA,Cataluña,Privado,90
Admafincas SL,Madrid,Privado,88
Administraciones Herranz SL,Madrid,Privado,61
Administración y gestión de edificios SA,Madrid,Privado,97
Aerem Sulcans SL,Madrid,Privado,57
Afar 4 SL,Madrid,Privado,152
Afiens Legal SLP,Andalucía,Privado,93
Afiens Legal SLP,Madrid,Privado,89
Agisa,Madrid,Privado,882
Ajuntament San Cugat del Vallés,Cataluña,Público,508
Ajuntament Sant Just Desvent,Cataluña,Público,130
Ajuntament d'Igualada,Cataluña,Público,149
Ajuntament de Barcelona,Cataluña,Público,4809
Ajuntament de Cornellà de Llobregat,Cataluña,Público,72
Ajuntament de L'Hospitalet de Llobregat,Cataluña,Público,143
Ajuntament de Manresa,Cataluña,Público,240
Ajuntament de Mataró,Cataluña,Público,257
Ajuntament de Rubí,Cataluña,Público,96
Ajuntament de Sabadell,Cataluña,Público,1015
Ajuntament de Sant Joan Despí,Cataluña,Público,153
Ajuntament de Sant Quirze del Vallès,Cataluña,Público,53
Ajuntament de Santa Coloma de Gramanet,Cataluña,Público,283
Ajuntament de Terrassa,Cataluña,Público,745
Alba 810 SL,Comunidad Valenciana,Privado,52
Alcomar Herrega SA,Madrid,Privado,55
Alcros SL,Cataluña,Privado,142
Aldesa,Madrid,Privado,215
Aleix SL,Cataluña,Privado,91
Aleksandra City Finance SL,Comunidad Valenciana,Privado,52
Alespa SA,Madrid,Privado,153
Alexia Patrimonio Residencial SL,Madrid,Privado,78
Alibuca SL,Cataluña,Privado,82
Almacenes Prieto Carreño SL,Andalucía,Privado,63
Almacenes del Moral SL,Madrid,Privado,68
Almagro Capital,Madrid,Privado,128
Almeriventa SL,Andalucía,Privado,227
Almosa,Cataluña,Privado,103
Alqui SA,Cataluña,Privado,94
Alquilame 2015 SL,Madrid,Privado,63
Alquiler de casas bonificables,Comunidad Valenciana,Privado,64
Alquileres Angochi SL,Andalucía,Privado,96
Alquileres Campus Stellae S.L.,Galicia,Privado,123
Alquileres Directos SL,Cataluña,Privado,90
Alquileres La Pedriza SL,Madrid,Privado,85
Alquileres del Este SL,Madrid,Privado,57
Alquileres y Gestión SL,Madrid,Privado,331
AlquilopisosMadrid SL,Madrid,Privado,227
Alquivicar SL,Madrid,Privado,72
Alter Domus Participations SARL,Madrid,Privado,79
Alvores Asesoramiento Empresarial SL,Andalucía,Privado,51
American International Group,Comunidad Valenciana,Privado,67
Andra Inversiones Inmobiliarias SA,Madrid,Privado,255
Andrés López Blanco SL,Galicia,Privado,232
Anfa SA,Comunidad Valenciana,Privado,81
Anmar y Maral SL,Madrid,Privado,120
Anmavi Asset Management SL,Madrid,Privado,133
Ansamo SA,Andalucía,Privado,253
Antobeco SL,Galicia,Privado,74
Anónima del Pilar SLU,Cataluña,Privado,94
Apartamentos Tucuman SL,Madrid,Privado,59
Aragonesas Promoción de Obras y Construcciones,Madrid,Privado,66
Arenasan SA,Cataluña,Privado,71
Ares Management Corporation,Madrid,Privado,1330
Arnegas SL,Cataluña,Privado,53
Arquigestio SA,Cataluña,Privado,94
Arquitectura y Técnicas de Restauración SA,Madrid,Privado,66
Arralde Inversiones SL,Madrid,Privado,50
Arrendalar SL,Andalucía,Privado,95
Arrendamientos Puerta Elvira,Andalucía,Privado,67
Arrendamientos y Bienes Inmuebles SL,Cataluña,Privado,99
Arroyo de los Prados SL,Madrid,Privado,101
Artica XXI SL,Madrid,Privado,65
Artos SL,Cataluña,Privado,100
Arzobispado de Barcelona,Cataluña,otros,65
Asmapa SA,Andalucía,Privado,69
Asoc. Vecinos Proviviendas Sociales de Torrejón de Ardoz,Madrid,otros,107
Asociación de la venerable orden tercera de San Francisco de Asís,Madrid,otros,294
Auditaria Análisis de Inverisón SL,Andalucía,Privado,84
Aurrera SA,País Vasco,Privado,148
Avícola del Jarama,Madrid,Privado,98
Axa,Madrid,Privado,1147
Ayuntamiento de Alcalá de Henares,Madrid,Público,115
Ayuntamiento de Alcobendas,Madrid,Público,398
Ayuntamiento de Alicante,Comunidad Valenciana,Público,340
Ayuntamiento de Almería,Andalucía,Público,61
Ayuntamiento de Armilla,Andalucía,Público,54
Ayuntamiento de Aroche,Andalucía,Público,78
Ayuntamiento de Ayamonte,Andalucía,Público,91
Ayuntamiento de Baza,Andalucía,Público,60
Ayuntamiento de Benalmádena,Andalucía,Público,140
Ayuntamiento de Bilbao,País Vasco,Público,3349
Ayuntamiento de Boadilla,Madrid,Público,52
Ayuntamiento de Carmona,Andalucía,Público,54
Ayuntamiento de Chiclana de la Frontera,Andalucía,Público,647
Ayuntamiento de Conil de la Frontera,Andalucía,Público,236
Ayuntamiento de Coslada,Madrid,Público,165
Ayuntamiento de Cádiz,Andalucía,Público,1385
Ayuntamiento de Córdoba,Andalucía,Público,728
Ayuntamiento de Donostia,País Vasco,Público,869
Ayuntamiento de El Puerto de Santa María,Andalucía,Público,206
Ayuntamiento de Gandía,Comunidad Valenciana,Público,117
Ayuntamiento de Getafe,Madrid,Público,54
Ayuntamiento de Granada,Andalucía,Público,477
Ayuntamiento de Huelva,Andalucía,Público,182
Ayuntamiento de Jaén,Andalucía,Público,67
Ayuntamiento de Jerez,Andalucía,Público,1370
Ayuntamiento de La Línea de La Concepción,Andalucía,Público,203
Ayuntamiento de La Rinconada,Andalucía,Público,587
Ayuntamiento de Lebrija,Andalucía,Público,626
Ayuntamiento de Leganés,Madrid,Público,281
Ayuntamiento de Los Barrios,Andalucía,Público,71
Ayuntamiento de Lucena,Andalucía,Público,142
Ayuntamiento de Maajdahonda,Madrid,Público,117
Ayuntamiento de Madrid,Madrid,Público,7000
Ayuntamiento de Majadahonda,Madrid,Público,271
Ayuntamiento de Montellano,Andalucía,Público,76
Ayuntamiento de Málaga,Andalucía,Público,1465
Ayuntamiento de Móstoles,Madrid,Público,81
Ayuntamiento de Palma,Islas Baleares,Público,277
Ayuntamiento de Palma del Río,Andalucía,Público,59
Ayuntamiento de Pamplona,Navarra,Público,62
Ayuntamiento de Paterna de Rivera,Andalucía,Público,59
Ayuntamiento de Pozuelo de Alarcón,Madrid,Público,127
Ayuntamiento de Rivas,Madrid,Público,1322
Ayuntamiento de Rota,Andalucía,Público,90
Ayuntamiento de San Fernando,Andalucía,Público,270
Ayuntamiento de San Fernando de Henares,Madrid,Público,162
Ayuntamiento de San Roque,Andalucía,Público,309
Ayuntamiento de Sanse,Madrid,Público,220
Ayuntamiento de Sevilla,Andalucía,Público,2630
Ayuntamiento de Tarifa,Andalucía,Público,90
Ayuntamiento de Utrera,Andalucía,Público,93
Ayuntamiento de Valencia,Comunidad Valenciana,Público,231
Ayuntamiento de Vejer de la Frontera,Andalucía,Público,52
Ayuntamienyo de Zaragoza,Aragón,Público,332
Azata,Madrid,Privado,917
Azora Capital,Cataluña,Privado,893
Azora Capital,Galicia,Privado,106
BBVA,Andalucía,Privado,170
BBVA,Cataluña,Privado,2180
BBVA,Madrid,Privado,300
BBVA,Comunidad Valenciana,Privado,62
Balma SL,Cataluña,Privado,166
Bancale Servicios Integrales SL,Aragón,Privado,92
Bancale Servicios Integrales SL,Castilla-La Mancha,Privado,53
Banco Caminos,Madrid,Privado,61
Banco Sabadell,Andalucía,Privado,281
Banco Sabadell,Aragón,Privado,153
Banco Sabadell,Castilla-La Mancha,Privado,56
Banco Sabadell,Cataluña,Privado,2035
Banco Sabadell,Islas Baleares,Privado,103
Banco Sabadell,Madrid,Privado,444
Banco Sabadell,Comunidad Valenciana,Privado,1350
Banco Santander,Andalucía,Privado,1506
Banco Santander,Canarias,Privado,143
Banco Santander,Castilla-La Mancha,Privado,434
Banco Santander,Cataluña,Privado,575
Banco Santander,Galicia,Privado,50
Banco Santander,Madrid,Privado,1711
Banco Santander,Navarra,Privado,91
Banco Santander,Comunidad Valenciana,Privado,491
Banco de Crédito Social Cooperativo,Andalucía,Privado,139
Basalnor SL,Galicia,Privado,60
Basidelta SL,Cataluña,Privado,131
Battenser SL,Madrid,Privado,63
Beren Magnus SL,Andalucía,Privado,62
Bienes Arrendados Urbanos SL,Cataluña,Privado,68
Bigeco SA,Comunidad Valenciana,Privado,53
Bisbat de Osona,Cataluña,otros,54
Bisbat de Vic,Cataluña,otros,70
Blackstone,Andalucía,Privado,1063
Blackstone,Castilla-La Mancha,Privado,400
Blackstone,Cataluña,Privado,2493
Blackstone,Galicia,Privado,337
Blackstone,Islas Baleares,Privado,961
Blackstone,Madrid,Privado,13125
Blackstone,Navarra,Privado,332
Blackstone,Comunidad Valenciana,Privado,774
Blackstone,País Vasco,Privado,153
Boanorte SL,Madrid,Privado,107
Borivil SL,Cataluña,Privado,70
Bosventos Alquileres SL,Galicia,Privado,82
Brasanco,Madrid,Privado,278
Brulemar Real Estate,Madrid,Privado,145
Byrsa Asesores Inmobiliarios SLU,Madrid,Privado,90
Básico Homes Inversiones,Madrid,Privado,169
C.C. Burgo de las Rozas SA,Madrid,Privado,107
CB Galería Comercial Los Vallas,Madrid,otros,51
CB Luis Montalbán Guillén,Madrid,otros,165
CBRE,Andalucía,Privado,496
CBRE,Aragón,Privado,238
CBRE,Canarias,Privado,71
CBRE,Cataluña,Privado,1046
CBRE,Galicia,Privado,108
CBRE,Madrid,Privado,4848
CBRE,Comunidad Valenciana,Privado,971
CBRE,País Vasco,Privado,318
CONSTRUCCIONES RESIDENCIALES Y SOCIALES,Madrid,Privado,385
Cade SL,Madrid,Privado,54
Cadel SA,Madrid,Privado,68
Caixa Ontinyent,Comunidad Valenciana,Privado,63
CaixaBank,Andalucía,Privado,7453
CaixaBank,Aragón,Privado,544
CaixaBank,Canarias,Privado,91
CaixaBank,Castilla-La Mancha,Privado,355
CaixaBank,Cataluña,Privado,5064
CaixaBank,Galicia,Privado,80
CaixaBank,Islas Baleares,Privado,558
CaixaBank,Madrid,Privado,4772
CaixaBank,Navarra,Privado,72
CaixaBank,Comunidad Valenciana,Privado,2671
CaixaBank,País Vasco,Privado,155
Caja Rural de Navarra,Navarra,Privado,422
Calakla SL,Madrid,Privado,78
Camesa Inmuebles SL,Andalucía,Privado,89
Campo García CB,Galicia,otros,52
Campo de Gama SL,Cataluña,Privado,74
Cantos Azules SL,Madrid,Privado,55
Capital Value Real Estate SL,Cataluña,Privado,66
Capitalia Viviendas en Alquiler SL,Galicia,Privado,62
Carlanna SL,Cataluña,Privado,135
Carprocas Inversión SL,Comunidad Valenciana,Privado,78
Carrefour,Andalucía,Privado,564
Carrefour,Madrid,Privado,381
Carrera San Luis SL,Comunidad Valenciana,Privado,66
Casbay SL,Cataluña,Privado,58
Caslilla SA,Madrid,Privado,61
Caspima SL,Madrid,Privado,51
Castellana 2000 Viviendas de Madrid SA,Madrid,Privado,52
Castellana de Inmuebles Comerciales SA,Madrid,Privado,70
Castlelake,Andalucía,Privado,50
Casvoz SA,Madrid,Privado,58
Catella Real Estate AG,Andalucía,Privado,175
Catella Real Estate AG,Madrid,Privado,633
Catella Real Estate AG,Navarra,Privado,231
Catella Real Estate AG,Comunidad Valenciana,Privado,157
Cavi Gestión SL,Madrid,Privado,62
Cdad. Prop. Edif. Chamberí CB,Madrid,otros,83
Centre Financer Girona-Barna SL,Cataluña,Privado,51
Centro Comercial Santo Domingo,Madrid,Privado,50
Centros Comerciales Lualca,Madrid,Privado,132
Centros Comerciales Raíces 3000 SL,Madrid,Privado,64
Cerberus,Andalucía,Privado,382
Cerberus,Castilla-La Mancha,Privado,52
Cerberus,Cataluña,Privado,2877
Cerberus,Islas Baleares,Privado,197
Cerberus,Madrid,Privado,2448
Cerberus,Comunidad Valenciana,Privado,980
Cerrado de la Calera,Andalucía,Privado,55
"China Communications Construction
 Company Limited",Galicia,Privado,71
Cia Gral de Construcción y Arriendos,Madrid,Privado,220
Ciesga SL,Cataluña,Privado,78
Cilaner SL,Cataluña,Privado,54
Cirona SA,Madrid,Privado,51
Cityflat Global Sarez Group SL,Madrid,Privado,64
Claros SCA,Andalucía,Privado,93
Clatena SL,Cataluña,Privado,51
Codu SL,Cataluña,Privado,63
Cogiso SL,Cataluña,Privado,62
Cojaswinvest SL,Madrid,Privado,58
Comercial Berlín SL,Cataluña,Privado,115
Comercial del Este SA,Comunidad Valenciana,Privado,107
Comerciales del Poniente SA,Andalucía,Privado,58
Comercio y Transformación de Maderas SA,Cataluña,Privado,59
Compagnie de Phalsbourg SL,Madrid,Privado,89
Compañia General de Construcciones Guadalest SL,Cataluña,Privado,138
Compañia General de Fomento Inmobiliario,Cataluña,Privado,203
Compañía Española de Viviendas en Alquiler SA (Cevasa),Cataluña,Privado,2191
Compañía Inmobiliaria Forna,Madrid,Privado,98
Compañía Urbanizadora Norte Zaragoza S.L.,Aragón,Privado,90
Compañía de Jesús Provincia de España,Cataluña,otros,87
Compañía de Jesús Provincia de España,Galicia,otros,61
Comunidad Francisco de Rojas CB,Madrid,otros,93
Comunidad Hereditaria Quereda Hurtado,Madrid,otros,50
Comunidad Propietarios Edificio Parque del Oeste CB,Madrid,otros,58
Comunidad de Madrid,Madrid,Público,21549
"Comunidad de Propietarios Avenida Ciudad de Barcelona, León Gil Palacios y Tellez",Madrid,otros,72
Comunidad de Propietarios Zumalacarregui 36,País Vasco,otros,139
Concello de A Coruña,Galicia,Público,113
Conei Compañía Internacional de Inversiones SL,Cataluña,Privado,119
Congregación de Apostólicas del Corazón de Jesús,Madrid,otros,89
Construcciones Costa Coruña SL,Galicia,Privado,65
Construcciones Guitart SL,Cataluña,Privado,90
"Construcciones Industriales y Urbanas,S.A.",Navarra,Privado,58
Construcciones Inmobiliarias Petrarca SL,Cataluña,Privado,167
Construcciones Logomaru SL,Andalucía,Privado,62
Construcciones Paz SL,Madrid,Privado,89
Construcciones Río Ouro SL,Galicia,Privado,59
Construcciones e inmuebles Eslava SL,Madrid,Privado,65
Construcciones y Promociones Artasamina SL,País Vasco,Privado,60
Construcciones y Promociones Calvin SL,Madrid,Privado,69
Constructora Calpense SA,Madrid,Privado,94
Contratas Ges SA,Cataluña,Privado,58
Cooperativa Obrera de Viviendas SCCL,Cataluña,Privado,62
Corporación Ivamosa SA,Cataluña,Privado,112
Costasol de Hipermercados SL,Andalucía,Privado,63
Covibar,Madrid,Privado,277
Culvisa 1956 SL,Madrid,Privado,102
Curogar SA,Cataluña,Privado,104
Cuteco SL,Madrid,Privado,84
Cáritas Diocesana de Orihuela-Alicante,Comunidad Valenciana,otros,71
Círculo Harpo SL,Cataluña,Privado,54
DWS,Cataluña,Privado,59
Dacone SL,Madrid,Privado,52
Dafauce SL,Madrid,Privado,71
Damgim Property SL,Andalucía,Privado,54
Dankbar 21 SL,Cataluña,Privado,63
Datema SL,Madrid,Privado,67
Decor II Proyectos Inmobiliarios SL,Madrid,Privado,60
Desarrollos Anmar y Maral SL,Madrid,Privado,50
Develsa SA,Madrid,Privado,55
Diputación Foral de Bizkaia,País Vasco,Público,59
Diputación de Sevilla,Andalucía,Público,183
Dispomed BV,Madrid,Privado,95
Diócesis Tui-Vigo,Galicia,otros,81
Doctor Esquerdo 28 C.B.,Madrid,otros,51
Dolores Autran Solsona SL,Cataluña,Privado,58
Domus Capital SL,Madrid,Privado,55
Domus Vivendi City GMBH & Co Kg,Islas Baleares,Privado,114
Edificaciones Adriano SA,Cataluña,Privado,172
Edificaciones Tifan,Madrid,Privado,75
Edificaciones Valdeón SL,Madrid,Privado,63
Edificio Miño,Madrid,Privado,143
Edificio Rojo CB,Andalucía,otros,54
Edificio Viriato 57 SL,Madrid,Privado,52
Edificios Clásicos Metropolitanos,Madrid,Privado,173
Edificios Hernando SA,Madrid,Privado,76
Edificios y Espectáculos SL,Cataluña,Privado,72
Edipau 8 SL,Cataluña,Privado,51
Edivama Alquileres SL,Comunidad Valenciana,Privado,53
El Encinar del Norte SAU,Madrid,Privado,312
El Parque Inmobiliario de Inversiones SL,Madrid,Privado,335
El recreo de Alfacar SA,Andalucía,Privado,82
Elsimar Beheermaatschappij BV,Andalucía,Privado,99
Elsimar Beheermaatschappij BV,Madrid,Privado,275
Elviña Renta SL,Galicia,Privado,90
Empresas Tora 2003 SL,Madrid,Privado,58
Entrecampos Cuatro Socimi SA,Aragón,Privado,102
Entrecampos Cuatro Socimi SA,Madrid,Privado,99
Es Vern SA,Cataluña,Privado,57
Escaro Patrimonial SLU,Madrid,Privado,60
Esment,Islas Baleares,otros,56
Espais i Dimensions AM2 SL,Cataluña,Privado,56
España S.A. Compañía Nacional de Seguros,Madrid,Privado,473
"España, S.A. Compañía Nacional de Seguros",Madrid,Privado,396
Esperela SL,Galicia,Privado,58
Estación Servicio Hort Gran SA,Cataluña,Privado,51
Estate Building Group SL,Andalucía,Privado,80
Eumaca SA,Cataluña,Privado,58
Euro Spain Promociones Hoteleras SL,Cataluña,Privado,79
Euroactivos Inmobiliarios SL,Madrid,Privado,66
Eurowilcom SA,Madrid,Privado,64
Explotación de Negocios y actividades comerciales SL,Madrid,Privado,126
FCC,Madrid,Privado,431
Faceras SL,Cataluña,Privado,177
Facorin SL,Cataluña,Privado,59
Fama Desarrollos Inmobiliarios SL,Comunidad Valenciana,Privado,52
Farella Feans SL,Galicia,Privado,78
Farre-Rentals SA,Cataluña,Privado,73
Fe Sociedad Inmobiliaria SA,Madrid,Privado,67
Ferga 10 SA,Madrid,Privado,68
Fergo Galicia Renta SL,Galicia,Privado,67
Ferine SL,Cataluña,Privado,55
Ferprim Promociones SA,Madrid,Privado,51
Fersuar SL,Galicia,Privado,56
Fertecelta SL,Andalucía,Privado,55
Filasa,Madrid,Privado,60
Fileva SL,Cataluña,Privado,72
Fimes 2000 SL,Cataluña,Privado,61
Fimjo SL,Madrid,Privado,117
Fin San 2001 SL,Cataluña,Privado,109
Fincaman 90 SA,Cataluña,Privado,55
Fincas Armengol SCP,Cataluña,Privado,73
Fincas Gonseni SL,Cataluña,Privado,65
Fincas Lavandeira,Galicia,Privado,398
Finques Castellbell SL,Cataluña,Privado,67
Fiteni SL,Madrid,Privado,240
Floreasca SL,Madrid,Privado,97
Fomento Inmobiliaria Casaclara SA,Cataluña,Privado,77
Fondo Inmobiliario Valenciano SA,Comunidad Valenciana,Privado,60
Fontepazo SL,Andalucía,Privado,56
Framtid Inversiones SL,Madrid,Privado,83
Freman SL,Cataluña,Privado,73
Frutas El Cipri SL,Andalucía,Privado,89
Fuencastel SA,Madrid,Privado,92
Fuente Larin Alquiler,Madrid,Privado,227
Fuentescu SL,Cataluña,Privado,95
Fuentidueña SA,Madrid,Privado,66
"Fundació Barnola-Vallribera, Sant Josep",Cataluña,otros,51
Fundació CMJ Godó,Madrid,otros,232
Fundació Família i Benestar Social,Cataluña,otros,315
Fundació Habitatge Social,Cataluña,otros,426
Fundació Hàbitat3,Cataluña,otros,53
Fundació Iluro,Cataluña,otros,74
Fundació Nou Lloc Habitatge Social,Cataluña,otros,237
Fundació Valldejuli,Cataluña,otros,58
Fundación Alfonso Martín Escudero,Madrid,otros,280
Fundación Antonio Rodríguez Docampo,Madrid,otros,53
Fundación Benéfica Monedero,Madrid,otros,216
Fundación Catalina Labouré,Madrid,otros,95
Fundación Fomento Hispania,Madrid,otros,82
Fundación Jorge Santafé Maibach,Madrid,otros,74
Fundación Montemadrid,Madrid,otros,56
Fundación Pequeño Pasos,Madrid,otros,63
Fundación Privada Hospital de la Santa Creu i Sant Pau,Cataluña,otros,300
Fundación Privada Ramón Plá Armengol,Cataluña,otros,57
Fundación San Diego de Alcalá,Castilla-La Mancha,otros,112
Fundación San Rafael Entidad benéfica de construcción,Andalucía,otros,127
Fundación Universitaria Española,Madrid,otros,60
Fundoland SL,Galicia,Privado,72
Féix Fraile Oneca,Navarra,Privado,61
GIC,Madrid,Privado,173
GO Orange LP,Andalucía,Privado,54
GRES Nederland Coöperatief UA,Madrid,Privado,84
Galerota SL,Comunidad Valenciana,Privado,56
Galil Capital,Cataluña,Privado,58
Galil Capital,Madrid,Privado,52
Garden Velázqiez Arrendadora de Inmuebles SL,Madrid,Privado,54
Gaules SL,Cataluña,Privado,53
Gavari Properties Socimi SA,Andalucía,Privado,75
Geinfisar 99,Cataluña,Privado,55
General de Galerías Comerciales Socimi,Andalucía,Privado,620
Generalitat Valenciana,Comunidad Valenciana,Público,5611
Generalitat de Catalunya,Cataluña,Público,10731
Gesmar Proicasa,Andalucía,Privado,91
Gestiones Hospedalia,Andalucía,Privado,73
Gestiones Olvena SL,Andalucía,Privado,56
Gestión Inmobiliaria Castaños 15 SL,Madrid,Privado,61
Gestión de Patrimonios Valls SL,Cataluña,Privado,140
Gestora de Activos Santangelo Norte,Andalucía,Privado,63
Gesurbe Project,Madrid,Privado,114
Gitsa,Cataluña,Privado,132
Global Armorica,Andalucía,Privado,77
Gm Cordeu Holding SL,Madrid,Privado,428
Gobierno Vasco,País Vasco,Público,6819
Gobierno de Aragón,Aragón,Público,231
Gobierno de Navarra,Navarra,Público,1102
Goldkey SL,Galicia,Privado,93
Goldman Sachs,Cataluña,Privado,548
Goldman Sachs,Madrid,Privado,506
Goli Inmobles SL,Cataluña,Privado,55
Gorbea de Arrendamientos SL,Madrid,Privado,62
Govern de Illes Balears,Islas Baleares,Público,1981
Gradisa SL,Cataluña,Privado,57
Grasver SL,Cataluña,Privado,63
Graucla SL,Cataluña,Privado,192
Gregorio Riaza,Madrid,Privado,153
Grumman Retail Services SL,Madrid,Privado,99
Grup Volumetric,Cataluña,Privado,137
Grupangel CB,Madrid,otros,62
Grupo Aldesa,Madrid,Privado,97
Grupo Allianz,Andalucía,Privado,103
Grupo Allianz,Madrid,Privado,297
Grupo Arenas,Madrid,Privado,71
Grupo Banca March,Madrid,Privado,109
Grupo Cajamar,Andalucía,Privado,73
Grupo Cajamar,Cataluña,Privado,88
Grupo Cajamar,Comunidad Valenciana,Privado,52
Grupo Clabo 79 SL,Madrid,Privado,70
Grupo Colonial,Madrid,Privado,258
Grupo Corporativo Landon,Cataluña,Privado,359
Grupo Crein Valencia SL,Comunidad Valenciana,Privado,323
Grupo EXCEM,Madrid,Privado,274
Grupo Egido,Madrid,Privado,285
Grupo Empresarial Carrillo SL,Andalucía,Privado,64
Grupo HNA,Madrid,Privado,126
Grupo Icyesa,Cataluña,Privado,636
Grupo Inmobiliario Delta SA,Madrid,Privado,61
Grupo Inmobiliario Gomendio SL,Madrid,Privado,72
Grupo Inmobiliario Río Azul SL,Andalucía,Privado,111
Grupo Intu,Madrid,Privado,248
Grupo Lozoya,Madrid,Privado,466
Grupo Manuel Palma SL,Comunidad Valenciana,Privado,54
Grupo Mutua Madrileña,Madrid,Privado,158
Grupo Ortiz,Madrid,Privado,353
Grupo Ortiz Properties Socimi SA,Madrid,Privado,134
Grupo Proginsa,Navarra,Privado,271
Grupo Promur 63 SL,Madrid,Privado,985
Grupo Qesada Jara SL,Comunidad Valenciana,Privado,71
Grupo Riviera International y Otros,Andalucía,Privado,114
Grupo Sethome SL,Madrid,Privado,98
Grupo Sope SL,Madrid,Privado,124
Guardia Civil,Madrid,Público,149
Gutiérrez Pérez Hermanos CB,Andalucía,otros,78
Gálvez Antúnez Castro Berrocal 2005 SL,Andalucía,Privado,62
Géneros de Punto i Odena SL,Cataluña,Privado,53
HBI Corporate SL,Andalucía,Privado,63
HIH Invest Real Estate,Andalucía,Privado,66
Habitea Activos 2010 SL,Andalucía,Privado,179
Hacienda Retamar SA,Andalucía,Privado,144
Hammerson,Madrid,Privado,102
Harrowby Investments y Eurofund Investments Clover,Andalucía,Privado,57
Helvetia,Madrid,Privado,132
Hercas Arrendamientos SL,Madrid,Privado,64
Herederos de Carmen Gutiérrez García y J.Gutiérrez García CB,Madrid,otros,50
Herederos de Mª Estrella Cerdeira Soriano,Madrid,otros,194
Hereus de Josep M. Agustí Marfa SA,Cataluña,Privado,65
Hermagor SA,Andalucía,Privado,58
Hermandades del Trabajo Centro de Madrid,Madrid,otros,105
Hermanos Calatayud Medina CB,Andalucía,otros,86
Hermanos Moreno Torres Herrera CB,Andalucía,otros,70
Hermes SL de Servicios Inmobiliarios y Generales,Madrid,Privado,124
Hermosa Granada SL,Andalucía,Privado,51
Hestia Mostoles SL,Madrid,Privado,130
Hice SL,Madrid,Privado,51
Hig Capital,Madrid,Privado,64
Hijes SL,Madrid,Privado,72
Hijos de Vázquez López y Cia. SL,Andalucía,Privado,85
Hogalia Proyectos Inmobiliarios,Andalucía,Privado,71
Holcusan SL,Andalucía,Privado,83
Homac SA,Cataluña,Privado,82
Homax Pte Ltd,Madrid,Privado,61
Hotel Gales SL,Cataluña,Privado,56
Hoteles e Inmuebles SA,Madrid,Privado,130
Huguet Santaeularia SL,Cataluña,Privado,54
"INMOBILIARIA DAGANZO, S.A.",Madrid,Privado,421
Ibercaja,Andalucía,Privado,51
Ic 145 SL,Cataluña,Privado,53
Icho SL,Cataluña,Privado,59
Icofre Barcelona SL,Cataluña,Privado,59
Icofre Diagonal SL,Cataluña,Privado,68
Iglesias de Guisasola CB,Madrid,otros,96
Ikasa,Madrid,Privado,210
Ikasa Actividad de Patrimonio Terciario,Madrid,Privado,72
Im y Cai SL,Cataluña,Privado,82
Imasinter Vivienda Joven,Andalucía,Privado,181
Imsa Habitatge Social SL,Cataluña,Privado,129
Indicesa L'Illa SL,Cataluña,Privado,923
Indumetal,País Vasco,Privado,59
Industry Ibérica SL,Cataluña,Privado,84
Infinorsa Gestión Inmobiliaria y Financiera SA,Madrid,Privado,81
Iniciativas Moltgoig SL,Cataluña,Privado,53
Inmo Baulan SL,Cataluña,Privado,82
Inmo Rossa SL,Cataluña,Privado,76
Inmoan SL,Madrid,Privado,79
Inmobiliaria Alsama SA,Cataluña,Privado,106
Inmobiliaria Argomis SA,Cataluña,Privado,92
Inmobiliaria Aries SL,Cataluña,Privado,60
Inmobiliaria Bacama SA,Cataluña,Privado,107
Inmobiliaria Camfor SA,Cataluña,Privado,56
Inmobiliaria Dauro SA,Andalucía,Privado,269
Inmobiliaria Emilio Castro e Hijos SA,Andalucía,Privado,298
Inmobiliaria Fincas Urbanas Españolas SA,Cataluña,Privado,54
Inmobiliaria Gallardo SL,Cataluña,Privado,224
Inmobiliaria Gimeno Esteva SL,Cataluña,Privado,52
Inmobiliaria Hermanos Martín-Maldonado Martín SL,Madrid,Privado,52
Inmobiliaria Hipepas SA,Madrid,Privado,82
"Inmobiliaria Hispana, SA",Comunidad Valenciana,Privado,64
Inmobiliaria Hucart,Cataluña,Privado,96
Inmobiliaria Iasa SL,Cataluña,Privado,97
Inmobiliaria Irasa SA,Cataluña,Privado,270
Inmobiliaria Isar SA,Madrid,Privado,130
Inmobiliaria Jumarnal SL,Cataluña,Privado,80
Inmobiliaria Jumarros SA,Cataluña,Privado,52
Inmobiliaria Lorena SA,Madrid,Privado,142
Inmobiliaria Luma SL,Cataluña,Privado,51
Inmobiliaria Luna de Granada,Andalucía,Privado,105
Inmobiliaria Maiquez SA,Madrid,Privado,57
Inmobiliaria Mediterránea de Viviendas en Alquiler SL,Cataluña,Privado,152
Inmobiliaria Muntaner SL,Cataluña,Privado,79
Inmobiliaria Nordeste de Construcciones SA,Cataluña,Privado,54
Inmobiliaria Nueva Charra,Madrid,Privado,193
Inmobiliaria Pardiñas,Madrid,Privado,83
Inmobiliaria Puerta Elvira SL,Andalucía,Privado,74
Inmobiliaria Puigcarbo SA,Cataluña,Privado,171
Inmobiliaria Ribasmar SA,Cataluña,Privado,52
Inmobiliaria Rius SL,Cataluña,Privado,102
Inmobiliaria Sacovi SL,Cataluña,Privado,79
Inmobiliaria Saju SA,Cataluña,Privado,195
Inmobiliaria Samur SL,Cataluña,Privado,67
Inmobiliaria San Fernando,Galicia,Privado,114
Inmobiliaria San Quintín,Cataluña,Privado,79
Inmobiliaria Sandi,Madrid,Privado,723
Inmobiliaria Solenco,Andalucía,Privado,84
Inmobiliaria Tec Mola SL,Madrid,Privado,89
Inmobiliaria Tres Coronas SA,País Vasco,Privado,63
Inmobiliaria Urbana Dafor SA,Madrid,Privado,83
Inmobiliaria Urbana SL,Cataluña,Privado,104
Inmobiliaria Urbana Torradel SA,Madrid,Privado,140
Inmobiliaria Vitrubio SA,Andalucía,Privado,73
Inmobiliaria de Proyectos y Construcciones Pérez Pillado SL,Madrid,Privado,61
Inmobiliaria y Fiduciaria E Berrens SL,Cataluña,Privado,90
Inmobiliària Xifró SL,Cataluña,Privado,120
Inmobirent Aragón SA y otros CB,Madrid,Privado,64
Inmobles Prestigi SL,Cataluña,Privado,57
Inmodomos SL,Madrid,Privado,111
Inmofer SL,Madrid,Privado,68
Inmoviliaria Viladomat SA,Cataluña,Privado,130
Inmuebles Faser SL,Madrid,Privado,60
Inmuebles Martínez Pomares SL,Madrid,Privado,56
Inmuebles Regina SA,Madrid,Privado,60
Inmuebles en Renta SA,Cataluña,Privado,1027
Inmunio Residencial SL,Madrid,Privado,87
Insala SA,Cataluña,Privado,117
Instituto Hispano de Obras y Construcciones SA,Cataluña,Privado,84
Inter IKEA Holding B.V.,Andalucía,Privado,73
Inveravante Inversiones Universales,Galicia,Privado,304
Invergab SBD SL,Cataluña,Privado,84
Inveriplus Gestión SL,Comunidad Valenciana,Privado,106
Inverlet SL,Andalucía,Privado,139
Inversiones 2000 Tres SL,Madrid,Privado,83
Inversiones Antaviana SL,Comunidad Valenciana,Privado,121
Inversiones Caboet SA,Cataluña,Privado,67
Inversiones Doalca Socimi,Madrid,Privado,64
Inversiones Industriales e Inmobiliarias SL,Cataluña,Privado,56
Inversiones Inmobiliarias Cre SL,Madrid,Privado,52
Inversiones M J M Y C R I SL,Madrid,Privado,51
Inversiones Mobiliarias e Inmobiliarias SL,Cataluña,Privado,51
Inversiones Pedroña,Madrid,Privado,121
Inversiones y Patrimonio Castellana SL,Madrid,Privado,54
Inversiones y Promociones Gilarranz SL,Madrid,Privado,77
Inversiones y representaciones Rimar,Comunidad Valenciana,Privado,57
Inversions 3 Valclau SL,Madrid,Privado,95
Iris Trador SL,Madrid,Privado,56
Irlasa SA,Madrid,Privado,51
Isaac González SA,Madrid,Privado,69
Isla de Oza SL,Madrid,Privado,88
Ivason Invest SL,Cataluña,Privado,63
J. Balagué Arquitectura e Ingeniería SA,Cataluña,Privado,67
J. Ribas e Hijos SL,Galicia,Privado,50
J. Rodoreda SL,Cataluña,Privado,56
Jaries SA,Cataluña,Privado,99
Jayle Inversiones SL,Andalucía,Privado,100
Jeac Habitatges SL,Cataluña,Privado,60
Joigca SA,Andalucía,Privado,91
Jorbajor SL,Cataluña,Privado,69
Jormavi SL,Cataluña,Privado,79
Junta de Andalucía,Andalucía,Público,18082
Junta de Comunidades de Castilla-La Mancha,Castilla-La Mancha,Público,1187
Justiniano 2000 SL,Cataluña,Privado,62
Juyro 1961 SL,Andalucía,Privado,203
KGAL GmbH & Co. KG,Andalucía,Privado,66
Kelbe SL,Madrid,Privado,252
Keller Williams,Madrid,Privado,113
Klepierre,Madrid,Privado,620
Kna SA,Andalucía,Privado,640
Krone Ibérica SA,Madrid,Privado,54
Kutxabank,Andalucía,Privado,69
Kutxabank,País Vasco,Privado,423
LM Jorba Finques SL,Cataluña,Privado,97
La Finca Global Assers Socimi,Madrid,Privado,130
La Inmobiliaria Argensolense SL,Cataluña,Privado,60
La Invencible Sabina Inversiones,Madrid,Privado,206
La Nova Creu Coberta SL,Cataluña,Privado,52
La Patiña CB,Galicia,otros,65
La Sociedad General Inmobiliaria de España,Madrid,Privado,758
La Vivienda Económica SA,Madrid,Privado,97
Labean Inversions SL,Cataluña,Privado,56
Lackanton Edificaciones SL,Cataluña,Privado,85
Lanbal BCN SL,Cataluña,Privado,154
Larcovi SAL,Madrid,Privado,110
Lares Ibéricos SL,Madrid,Privado,53
Larvin SA,Madrid,Privado,64
Las Alcublas SL,Comunidad Valenciana,Privado,65
Las Tejoneras,Madrid,Privado,104
Latorre y Asociados,Madrid,Privado,222
Latorre y Asociados Consultoría SL,Madrid,Privado,144
Leiroven SL,Galicia,Privado,54
Lercopra SL,Madrid,Privado,54
Levantina de Explotaciones Residenciales,Madrid,Privado,63
Llogatalia SL,Madrid,Privado,88
Lloguer Jove SL,Comunidad Valenciana,Privado,76
Lloguers L'Alqueria SL,Comunidad Valenciana,Privado,62
Llumifels SL,Cataluña,Privado,200
Locales Bristol SL,Madrid,Privado,79
Loclauni SL,Madrid,Privado,97
Lone Star,Andalucía,Privado,408
Lone Star,Cataluña,Privado,306
Lone Star,Madrid,Privado,371
Lone Star,Comunidad Valenciana,Privado,95
Lorenfe SL,Madrid,Privado,159
Lovirent SL,Cataluña,Privado,77
Lozacar SL,Cataluña,Privado,55
Luenmar SL,Madrid,Privado,62
Lugobasi SL,Cataluña,Privado,136
Lujan y Jarrin SL,Madrid,Privado,60
Lyvea Global SL,Andalucía,Privado,90
MDT 98 SL,Comunidad Valenciana,Privado,51
MGS Seguros,Cataluña,Privado,74
MQF SL,Cataluña,Privado,53
Madrimor SL,Madrid,Privado,85
Maisanco SL,Madrid,Privado,103
Malgasa Promotores SL,Madrid,Privado,126
Manzanares SA,Madrid,Privado,103
Maori European Holding,Madrid,Privado,104
Mapfre,Andalucía,Privado,56
Mapfre,Madrid,Privado,170
Mar Llau SL,Cataluña,Privado,67
Marbori SL,Cataluña,Privado,190
Marvallos SL,Cataluña,Privado,56
María de Valldonzella SL,Cataluña,Privado,69
Matritense Real Estate Socimi SA,Madrid,Privado,88
Mañas Cano SL,Andalucía,Privado,93
Mediterranean Search SL,Madrid,Privado,582
Megaworld Corporation,Madrid,Privado,50
Mehopa SA,Cataluña,Privado,89
Melga Finance SL,Cataluña,Privado,259
Menlogica SL,Madrid,Privado,86
Mercado de la Constitución SA,Madrid,Privado,79
Mercantil Diputació 435 SL,Cataluña,Privado,62
Merchlinceo SL,Cataluña,Privado,68
Merlin Properties Socimi SA,Andalucía,Privado,93
Merlin Properties Socimi SA,Madrid,Privado,639
Metrópolis Lucena SL,Andalucía,Privado,136
Micasan SL,Cataluña,Privado,90
Mimbreras 3 SA,Madrid,Privado,51
Ministerio de Fomento,País Vasco,Público,72
Mintegui Industrias del Camión S.A.,País Vasco,Privado,212
Monpa SA,Cataluña,Privado,123
Monto Alquileres SL,Islas Baleares,Privado,69
Montserrat SL,Cataluña,Privado,170
Mosol SL,Andalucía,Privado,83
Mosupe SL,Madrid,Privado,67
Myramar Grupo 1958,Andalucía,Privado,122
NMB Inmobles 2022,Cataluña,Privado,54
Naet SL,Madrid,Privado,169
Naiboc SL,Madrid,Privado,105
Navili SL,Galicia,Privado,205
Negocios Brimaro SL,Madrid,Privado,320
Negocios Inmobiliarios Peninsulares SL,Madrid,Privado,266
Neptune Property Venture SARL,Madrid,Privado,259
Neptuno 98,Comunidad Valenciana,Privado,89
Nogarent,Andalucía,Privado,421
Nohacmagdas Investments SL,Madrid,Privado,56
Nolabey Grup,Cataluña,Privado,69
Nomar SL,Cataluña,Privado,125
Novainexa SL,Cataluña,Privado,82
Nutaiba SL,Cataluña,Privado,90
Núñez i Navarro,Cataluña,Privado,790
O'Donell Inversiones,Madrid,Privado,132
Obras y Vías SA,Madrid,Privado,312
Obratunalia SL,Andalucía,Privado,88
Ocenda SL,Madrid,Privado,155
Ocorian Corporate Trustees (Jersey) Limited,Madrid,Privado,84
Ofi-Renta Sur 2008 SL,Andalucía,Privado,80
Olletsac SL,Cataluña,Privado,77
Orden Hospitalaria de San Juan de Dios,Cataluña,otros,78
Orden Hospitalaria de San Juan de Dios,Madrid,otros,328
Organización y Programación de Inversiones SA,País Vasco,Privado,114
Origestión SL,Comunidad Valenciana,Privado,54
Oronis Inversiones,Madrid,Privado,208
Otaya Gestión,Madrid,Privado,119
Oto SL,Cataluña,Privado,61
PBP Gestión de Arrendamientos y Alquileres SL,País Vasco,Privado,52
Pac SL,Cataluña,Privado,248
Palacio de los Recreos SA,Madrid,Privado,76
Parenta SL,Madrid,Privado,57
Parque Centro SL,Andalucía,Privado,53
Particulares,Comunidad Valenciana,Privado,210
Partler 3006 SL,Cataluña,Privado,59
Parwing SL,Cataluña,Privado,55
Paseo Comercial Carlos III SA,Madrid,Privado,126
Patrimonial Hefer SA,Cataluña,Privado,123
Patrimonial de Llorens Terrade,Cataluña,Privado,66
Patrimonio Nacional,Madrid,Público,123
Patrimonios Jivar 2000 SL,Madrid,Privado,82
Paulistano SL,Cataluña,Privado,73
Perel SL,Madrid,Privado,120
Perlado Pérez de Valluerca Hnos C.B.,Madrid,otros,89
Piver SL,Cataluña,Privado,84
Planeament Urbanistic i Empresarial del Maresme,Cataluña,Privado,80
Plaza Mayor BV,Andalucía,Privado,60
Plaza de Chamberí 9 CB,Madrid,otros,57
Pluralia Gestión S.L.,Navarra,Privado,100
Politeam SL,Cataluña,Privado,56
Pontegadea Inversiones,Madrid,Privado,146
Portocarrio Viviendas SL,Madrid,Privado,147
Poyatos SL,Andalucía,Privado,80
Precave SL,Cataluña,Privado,53
Primosol SL,Cataluña,Privado,59
Proa Participaciones,Comunidad Valenciana,Privado,61
Procu SL,Madrid,Privado,83
Productos España SL,Andalucía,Privado,67
Profil Sociedad Cooperativa,Madrid,Privado,96
Prohorta SL,Cataluña,Privado,69
Prointel Inversiones SL,Madrid,Privado,62
Proipi SL,Madrid,Privado,55
Prolavima SL,Madrid,Privado,51
Promesenia SL,Madrid,Privado,82
Promoc C G P Invest SL,Cataluña,Privado,85
Promociones Algara Gómez SL,Madrid,Privado,79
Promociones Brica SA,Cataluña,Privado,62
Promociones Inmobiliarias Calero SL,Madrid,Privado,325
Promociones Inmobiliarias Saypa SA,Madrid,Privado,59
Promociones Nimer SA,Madrid,Privado,51
Promociones Radente SL,Madrid,Privado,398
Promociones Zuydi SL,Andalucía,Privado,70
Promociones e Inversiones Campo Real SA,Madrid,Privado,64
Promociones y Construcciones Angulo Sánchez,Andalucía,Privado,435
"Promociones y Construcciones Pyc, Pryconsa SA",Madrid,Privado,115
"Promociones y Construcciones y Obras Betán, S.L.",Galicia,Privado,65
Promotora General Pirenaica SA,Madrid,Privado,62
Property Leases FTS Madrid,Madrid,Privado,471
Proreymon SL,Madrid,Privado,59
Proviarve,Madrid,Privado,78
Provive SL,Galicia,Privado,188
Purimar SA,Madrid,Privado,67
Purísima Seguros,Madrid,Privado,53
Qualest Patrimonial SL,Cataluña,Privado,70
Quatre Capital BP SL,Cataluña,Privado,57
REI Spain Ribarroja BV,Andalucía,Privado,69
RKS Management,Comunidad Valenciana,Privado,240
RKS Real Estate,Castilla-La Mancha,Privado,198
Rafael López Sánchez Constructora SL,Andalucía,Privado,69
Raimundo Gramontell SL,Andalucía,Privado,60
Rainpat 2015 SL,Cataluña,Privado,79
Ralocasa SL,Galicia,Privado,68
Ranidium SL,Cataluña,Privado,62
Real Fundación Patronato de la Vivienda de Sevilla,Andalucía,otros,92
Regato SL,Madrid,Privado,59
Renau Alquileres y Servicios SL,Comunidad Valenciana,Privado,54
Renfe,Madrid,Público,113
Renta Corporación,Andalucía,Privado,100
Renta Corporación,Cataluña,Privado,904
Renta Corporación,Islas Baleares,Privado,77
Renta Corporación,Madrid,Privado,2916
Renta Corporación,Comunidad Valenciana,Privado,132
Renta Gestión Auxiliar 2009,Madrid,Privado,265
Renta y Servicios C.B.,Madrid,otros,60
Rentauro SA,Cataluña,Privado,55
Rentur Patrimonial,Madrid,Privado,364
Restauración y Entretenimiento del Mediterráneo SL,Andalucía,Privado,79
Reyal Urbis,Madrid,Privado,172
Rhino Real Estate,Madrid,Privado,120
Riart SL,Cataluña,Privado,119
Ribera City Group SL,Andalucía,Privado,73
Ricima SL,Cataluña,Privado,65
Riu Godo SL,Cataluña,Privado,65
Riucla SL,Cataluña,Privado,152
Riverside Investments 2018 SA,Madrid,Privado,94
Robeco Invest SL,Cataluña,Privado,106
Rofiso SL,Cataluña,Privado,67
Roleg SA,Cataluña,Privado,68
Ruarti XXI,Cataluña,Privado,69
"Rucabado, Espacios en Madrid SL",Madrid,Privado,53
Rutherford Española SA,Madrid,Privado,61
SA de Propiedad Inmobiliaria,Cataluña,Privado,130
SHCO 99 SA,Madrid,Privado,190
SMT Europe Cooperatief UA,Madrid,Privado,466
Sadepro Proyectos SL,Madrid,Privado,70
Saga SL,Cataluña,Privado,199
Saint Croix,Madrid,Privado,194
Sakay Sport SA,Madrid,Privado,52
Salas Jaurena SL,Cataluña,Privado,95
"Saldemonte Ribera, S.L.",Navarra,Privado,67
Salvador Vila SL,Comunidad Valenciana,Privado,51
San Martín de Inrenta SL,Islas Baleares,Privado,92
Sanen Mutua,Madrid,Privado,84
Sanmaico Inversiones SL,Madrid,Privado,70
Santa Lucía Promotora y Constructora SL,Andalucía,Privado,66
Santa Lucía SA,Andalucía,Privado,57
Sanzalur SL,Madrid,Privado,58
Saro 2015 SL,Cataluña,Privado,142
Saturnino Morales Soler y Hermanos Morales Valero CB,Madrid,otros,94
Se Perian SL,Andalucía,Privado,233
Sean Altavira SL,Madrid,Privado,97
Semissis SL,Cataluña,Privado,140
Servicios Inmobiliarios Valencianos,Comunidad Valenciana,Privado,63
Sidenor,País Vasco,Privado,63
Sidor SL,Cataluña,Privado,84
Sijo Herac SA,Madrid,Privado,82
Simoro SL,Cataluña,Privado,95
Simotres 1997 SL,Cataluña,Privado,70
Skipper Investments SL,Cataluña,Privado,99
Sociedad Concesionaria R.U. Vicálvaro,Madrid,Privado,209
Sociedad Inmobiliaria Las Balleas SL,Madrid,Privado,64
Soifler SL,Cataluña,Privado,57
Sol Edificat Ponent SL,Cataluña,Privado,152
Solpriga SL,Andalucía,Privado,81
Solpriga SL,Madrid,Privado,55
Sorshold SA,Comunidad Valenciana,Privado,133
Sparus Aurata SL,Comunidad Valenciana,Privado,62
Spray Boston SL,Cataluña,Privado,65
Suite Room Madrid SL,Madrid,Privado,51
Sym SA,Cataluña,Privado,53
TPG,Castilla-La Mancha,Privado,153
TPG,Cataluña,Privado,139
TPG,Madrid,Privado,835
TPG,Comunidad Valenciana,Privado,568
Tainsa Administraciones SL,Madrid,Privado,78
Talecons SA,Comunidad Valenciana,Privado,139
Tauro Real Estate SL,Cataluña,Privado,78
Tauro Real Estate SL,Madrid,Privado,333
Taxacions i Enginyeria Ordeix SL,Cataluña,Privado,54
Tectum Real Estate Investments SL,Madrid,Privado,171
Teixidor CB,Madrid,otros,75
Telefónica,Madrid,Privado,154
Terra Gris SL,Cataluña,Privado,101
"Terrenos, industrias y almacenes SA",Madrid,Privado,359
Tesorería General Seguridad Social,Madrid,Público,82
Titisa SA,Cataluña,Privado,74
Titomon Invest SL,Madrid,Privado,55
Tolian Inversions SL,Cataluña,Privado,57
Toro Construcciones y Obras SL,Cataluña,Privado,120
Torras i Bages 79-81 SL,Cataluña,Privado,63
Torre Rioja-Madrid Socimi,Madrid,Privado,85
Torremolinos 88 SL,Andalucía,Privado,50
Traisa SL,Andalucía,Privado,50
Tubos Reunidos,País Vasco,Privado,80
UMA CV 2 SL,Comunidad Valenciana,Privado,63
Unibail-Rodamco-Westfiel SE,Madrid,Privado,405
Unicaja,Andalucía,Privado,1787
Unicaja,Castilla-La Mancha,Privado,1595
Unicaja,Madrid,Privado,657
Unicaja,Comunidad Valenciana,Privado,114
Unicosa Renta SL,Andalucía,Privado,111
Unión General Inmobiliaria SA,Cataluña,Privado,98
Unión Inmobiliaria SA,Cataluña,Privado,234
Unión Promotora de Inversiones SL,Cataluña,Privado,73
Urban View Socimi LP,Cataluña,Privado,63
Urbass Eurofinance SA,Andalucía,Privado,153
Urcolesa,Madrid,Privado,291
Urtinsa SA,Madrid,Privado,100
Ute Zarapico 3 SL y Mym Renta SL,Andalucía,Privado,77
Valdemarcos Europea SL,Madrid,Privado,52
Valdepalitos SL,Madrid,Privado,60
Value Base LTD,Madrid,Privado,349
Vaymer SL,Comunidad Valenciana,Privado,154
Velaste SL,Cataluña,Privado,98
Vergara 12 SL,Madrid,Privado,80
Verona SL,Madrid,Privado,100
Via (NL) 5 BV,Andalucía,Privado,66
Vial 510 SL,Madrid,Privado,55
Vicofer Inversiones SL,Madrid,Privado,70
Viejoroble SL,Andalucía,Privado,60
Viemciero SL,Cataluña,Privado,82
Vila Valls SA,Cataluña,Privado,86
Vilamur 89 SL,Cataluña,Privado,58
Vimpyca,Andalucía,otros,143
Vinape SL,Cataluña,Privado,149
Vinu SA,Cataluña,Privado,70
Viriamarca SL,Galicia,Privado,120
Viriamarca SL,Madrid,Privado,98
Visasur SL,Andalucía,Privado,60
Visoren,Cataluña,Privado,274
Vitruvio Real Estate Socimi,Madrid,Privado,214
Viviendas y Derivados 2001 SL,Madrid,Privado,62
Vukile Property Fund Limited,Andalucía,Privado,404
Víctor Pradera 37 SL,Madrid,Privado,151
XJ inurbe SA,Comunidad Valenciana,Privado,71
Xapluc SL,Cataluña,Privado,66
Xunta de Galicia,Galicia,Público,3724
YBN Inversiones SL,Cataluña,Privado,145
Yegro Segovia Eugenio y otros CB,Madrid,Privado,50
Z. Puy & Soler SL,Cataluña,Privado,128
Zaguer Inmoprom SL,Islas Baleares,Privado,107
Zapata SA,Madrid,Privado,69
Zatiber Fusión SL,Aragón,Privado,81
Zazo Hermanos C.B.,Madrid,otros,57
Zein SL,Cataluña,Privado,57
Área Metropolitana de Barcelona,Cataluña,Público,572
Propietario 1 Provincia de León,Castilla y León,Sin datos,125
Propietario 2 Provincia de León,Castilla y León,Sin datos,98
Propietario 3 Provincia de León,Castilla y León,Sin datos,77
Propietario 4 Provincia de León,Castilla y León,Sin datos,71
Propietario 5 Provincia de León,Castilla y León,Sin datos,60
Propietario 6 Provincia de León,Castilla y León,Sin datos,54
Propietario 7 Provincia de León,Castilla y León,Sin datos,51
Propietario 1 Provincia de Burgos,Castilla y León,Sin datos,182
Propietario 2 Provincia de Burgos,Castilla y León,Sin datos,182
Propietario 1 Provincia de Palencia,Castilla y León,Sin datos,54
Propietario 1 Provincia de Valladolid,Castilla y León,Sin datos,238
Propietario 2 Provincia de Valladolid,Castilla y León,Sin datos,185
Propietario 3 Provincia de Valladolid,Castilla y León,Sin datos,126
Propietario 4 Provincia de Valladolid,Castilla y León,Sin datos,91
Propietario 5 Provincia de Valladolid,Castilla y León,Sin datos,74
Propietario 6 Provincia de Valladolid,Castilla y León,Sin datos,67
Propietario 7 Provincia de Valladolid,Castilla y León,Sin datos,65
